{"schemaVersion":"1.0","appDefinitionTemplate":{"id":"/providers/Microsoft.PowerApps/apps/","type":"Microsoft.PowerApps/apps","tags":{"primaryDeviceWidth":"1366","primaryDeviceHeight":"768","supportsPortrait":"true","supportsLandscape":"true","primaryFormFactor":"Tablet","showStatusBar":"false","publisherVersion":"3.24082.13","minimumRequiredApiVersion":"2.2.0","hasComponent":"false","hasUnlockedComponent":"false","isUnifiedRootApp":"false","sienaVersion":"20240822T015623Z-3.24082.13.0"},"properties":{"appVersion":"2024-08-22T01:56:23Z","lifeCycleId":"Published","createdByClientVersion":{"major":3,"minor":24082,"build":13,"revision":0,"majorRevision":0,"minorRevision":0},"minClientVersion":{"major":3,"minor":24082,"build":13,"revision":0,"majorRevision":0,"minorRevision":0},"backgroundColor":"rgba(5, 49, 74, 1)","backgroundImageUri":"/5072016926047427744/Nc996a07e-e5da-44c0-9fbc-59d8808b5fc1-logoSmallFile","displayName":"APP_Solicitacao_Cancelamento","description":"","commitMessage":"","appUris":{"documentUri":{"value":"/5072016926047427744/N026600f5-352e-46b2-865e-9a96e0f2c79e-document.msapp"},"imageUris":[],"additionalUris":[{"isSolutionAware":false,"value":"/5072016926047427744/N3bf65c92-ce79-40e1-8732-2a90eaf6f477-identity.json"}]},"createdTime":"0001-01-01T00:00:00Z","lastModifiedTime":"0001-01-01T00:00:00Z","sharedGroupsCount":0,"sharedUsersCount":0,"connectionReferences":{"d79de277-ec9f-4d77-bbfe-b1c48ddae002":{"id":"01e3a74c-a160-4767-a266-b85743fa5ab9","displayName":"SharePoint","iconUri":"https://connectoricons-prod.azureedge.net/u/jayawan/releases/v1.0.1697/1.0.1697.3786/sharepointonline/icon.png","dataSources":["MotivosCancelamento","CadastroUsuarioFluxos","CancelamentoNF","CadastroFilial","BD_NOTA"],"dependencies":[],"dependents":[],"parameterHints":{},"parameterHintsV2":{},"isOnPremiseConnection":false,"bypassConsent":false,"dataSets":{"https://neorubber.sharepoint.com/sites/Intranet":{"dataSources":{"MotivosCancelamento":{"tableName":"c1c3543c-83e8-45f4-8a3c-d1febec5caf2"},"CadastroUsuarioFluxos":{"tableName":"1e08c71d-b639-49e4-9994-0943f8b1ccf4"},"CancelamentoNF":{"tableName":"32d376d5-02bd-4674-8727-efbcfb74fffa"},"CadastroFilial":{"tableName":"37e14e0e-2875-4c00-9498-15a26d9428e0"},"BD_NOTA":{"tableName":"554b81a3-01b1-4df4-9d3e-de36a51ed292"}}}},"apiTier":"Standard","isCustomApiConnection":false,"actions":["providers/PowerPlatform.Governance/Operations/Read","providers/PowerPlatform.Governance/Operations/Write"]}},"databaseReferences":{},"almMode":"Environment","performanceOptimizationEnabled":false,"canConsumeAppPass":false,"enableModernRuntimeMode":false,"executionRestrictions":{"isTeamsOnly":false,"dataLossPreventionEvaluationResult":{"status":"Compliant","lastEvaluationDate":"2024-07-10T23:13:35.609659Z","violations":[],"violationsByPolicy":[],"violationErrorMessage":"O aplicativo usa os seguintes conectores: ."}}},"appType":"ClassicCanvasApp","appComponents":[]}}