{"schemaVersion":"1.0","appDefinitionTemplate":{"id":"/providers/Microsoft.PowerApps/apps/","type":"Microsoft.PowerApps/apps","tags":{"primaryDeviceWidth":"1366","primaryDeviceHeight":"768","supportsPortrait":"true","supportsLandscape":"true","primaryFormFactor":"Tablet","showStatusBar":"false","publisherVersion":"3.24083.14","minimumRequiredApiVersion":"2.2.0","hasComponent":"true","hasUnlockedComponent":"true","isUnifiedRootApp":"false","sienaVersion":"20240830T020202Z-3.24083.14.0"},"properties":{"appVersion":"2024-08-30T02:02:02Z","lifeCycleId":"Published","createdByClientVersion":{"major":3,"minor":24083,"build":14,"revision":0,"majorRevision":0,"minorRevision":0},"minClientVersion":{"major":3,"minor":24083,"build":14,"revision":0,"majorRevision":0,"minorRevision":0},"backgroundColor":"RGBA(0,176,240,1)","backgroundImageUri":"/13798785890816559068/N123d1b84-d34a-479d-a0f3-6819f75f25f6-N8c6ed10a-ced9-4f48-a996-e14d8e61b84b-logoSmallFile","displayName":"APP_CHAMADOS_TI","description":"","commitMessage":"","appUris":{"documentUri":{"value":"/13798785890816559068/Naf7ceacb-3da7-40d3-b867-84bc8b1d3499-Nf4638a00-81f9-4637-a15b-448c734b6265-document.msapp"},"imageUris":[],"additionalUris":[]},"createdTime":"0001-01-01T00:00:00Z","lastModifiedTime":"0001-01-01T00:00:00Z","sharedGroupsCount":0,"sharedUsersCount":0,"connectionReferences":{"4920f1b1-eb80-4552-ad62-052e4aae72b2":{"id":"476f4639-cabe-4889-8efc-17dd439aaa7f","displayName":"SharePoint","iconUri":"https://connectoricons-prod.azureedge.net/u/jayawan/releases/v1.0.1697/1.0.1697.3786/sharepointonline/icon.png","dataSources":["Chamados_TI","Chamados_TI_Comentarios","Chamados_Ti_Tipo_Atendimento"],"dependencies":[],"dependents":[],"parameterHints":{},"parameterHintsV2":{},"isOnPremiseConnection":false,"bypassConsent":false,"dataSets":{"https://neorubber.sharepoint.com/sites/Intranet":{"dataSources":{"Chamados_TI":{"tableName":"f0f4b5b5-62d6-41e3-be3c-912e23442bdd"},"Chamados_TI_Comentarios":{"tableName":"5532fc7a-a44c-4d77-a1e6-f70e1c7bff68"},"Chamados_Ti_Tipo_Atendimento":{"tableName":"1f44803c-33ed-4e78-92c5-ec9cf0220974"}}}},"apiTier":"Standard","isCustomApiConnection":false,"actions":["providers/PowerPlatform.Governance/Operations/Read","providers/PowerPlatform.Governance/Operations/Write"]}},"databaseReferences":{},"almMode":"Environment","performanceOptimizationEnabled":false,"canConsumeAppPass":false,"enableModernRuntimeMode":false,"executionRestrictions":{"isTeamsOnly":false,"dataLossPreventionEvaluationResult":{"status":"Compliant","lastEvaluationDate":"2024-06-26T23:11:54.8002224Z","violations":[],"violationsByPolicy":[],"violationErrorMessage":"O aplicativo usa os seguintes conectores: ."}}},"appType":"ClassicCanvasApp","appComponents":[]}}